id,pair,role,team,year
R01,P08,Runner-Up,MIA,2020
R02,P03,Runner-Up,NYK,1994
R03,P01,Champion,DET,1990
R04,P10,Champion,OKC,2025
R05,P07,Runner-Up,GSW,2016
R06,P10,Runner-Up,IND,2025
R07,P06,Champion,SAS,2005
R08,P04,Runner-Up,NYK,1999
R09,P02,Champion,CHI,1991
R10,P08,Champion,LAL,2020
R11,P05,Champion,DET,2004
R12,P01,Runner-Up,POR,1990
R13,P07,Champion,CLE,2016
R14,P03,Champion,HOU,1994
R15,P04,Champion,SAS,1999
R16,P06,Runner-Up,DET,2005
R17,P09,Runner-Up,PHX,2021
R18,P09,Champion,MIL,2021
R19,P05,Runner-Up,LAL,2004
R20,P02,Runner-Up,LAL,1991
